object_id,id_p,id_c,cod_via,nome_rua,ponto_referencia,freguesia,situacao,implantacao,global_id,lon,lat,location
012,012,453,66782,Avenida dos Estados Unidos da América,Cruzamento com Avenida de Roma,Alvalade,Em operação,Definida,68e09c8f-7541-4ac3-a8c8-6d16cb1ec8dc,-9.14212290764073,38.7487494207033,0101000020E6100000A2A87055C44822C0E9686105D75F4340
061,061,443,66668,Avenida de Roma,Assembleia Municipal de Lisboa,Areeiro,Em operação,Definida,f10fa668-afb9-4b88-ab56-a34e929cc3c9,-9.13863230427631,38.7435638506763,0101000020E61000005E123AD0FA4622C03F92AA192D5F4340
062,062,433,66932,Avenida de Paris,NaN,Areeiro,Em operação,Definida,3cfba200-2fd2-439a-aa9f-688f7c52d17c,-9.13415240943239,38.7410515103098,0101000020E61000002962E69FAF4422C04CB7A0C6DA5E4340
007,007,475,67142,Avenida Professor Gama Pinto,Cantinha Velha - SASULisboa ,Alvalade,Em operação,Definida,3592a18a-ad19-4d1d-9d4b-b0ef6df14547,-9.15925186807836,38.7513277660503,0101000020E61000006A72FA75895122C0A3E11B822B604340
066,066,477,66667,Alameda da Universidade,Faculdade Direito da Universidade de Lisboa,Alvalade,Em operação,Definida,614314fc-7a91-4fc5-9845-f6bb818c1890,-9.1565607014977,38.7527073489441,0101000020E6100000FA8A69B9285022C03E96E3B658604340
065,065,478,66667,Alameda da Universidade,Faculdade Letras da Universidade de Lisboa,Alvalade,Em operação,Definida,c94eda0d-c648-4c42-8535-08b739ed1842,-9.15711006017334,38.7536270358849,0101000020E610000059A2D4BA705022C0E740C8D976604340
040,040,423,66998,Avenida Conde de Valbom,NaN,Avenidas Novas,Em operação,Definida,bdcacd03-2ea5-4312-97d2-45b32d716349,-9.15210486070102,38.7378341930402,0101000020E61000000A8C34B0E04D22C0367DD059715E4340
074,074,452,66910,Rua Teixeira de Pascoais,Cruzamento com Rua Doutor Gama Barros,Alvalade,Em operação,Definida,53a94374-8b13-42dc-9233-74943ab5f2fc,-9.13683157896438,38.7477923038715,0101000020E6100000926CE9C90E4622C00FAA80A8B75F4340
096,096,487,297,Rua Prof. Mark Athias,Cruzamento com Rua Prof. João Barreira,Lumiar,Em operação,Definida,9dc693f5-8313-495b-88cb-33db37d6b995,-9.17093718548112,38.7612713056984,0101000020E6100000979F2A14855722C0CEAD905671614340
054,054,432,67014,Praça de Londres,Igreja de São João de Deus,Areeiro,Em operação,Definida,5cd0011d-f4a8-41c2-b80f-b8abbc76287a,-9.13774769807123,38.7407538301441,0101000020E610000064A1C4DD864622C0866D8105D15E4340
052,052,468,66705,Largo Frei Heitor Pinto,NaN,Alvalade,Em operação,Definida,1e410bc4-1d0d-49d4-a9d6-91ef32a92d9f,-9.13839981782875,38.754699730893,0101000020E610000095B14657DC4622C0233E33009A604340
047,047,459,66919,Rua Maria Amália Vaz de Carvalho,Escola Secundária Rainha Dona Leonor,Alvalade,Em operação,Definida,d769b119-468e-41f8-a818-d6704b4b2bc6,-9.14171019333233,38.7514999658323,0101000020E610000090BE0B3D8E4822C0F118A02631604340
092,092,436,67372,Rua Professor Lima Basto,IPO Lisboa,São Domingos de Benfica,Em operação,Definida,4b73f6a3-37e5-40a3-beb1-6311ca91dabf,-9.16252162308743,38.7393904974393,0101000020E6100000511BC008365322C0CCBC0A59A45E4340
086,086,414,67049,Avenida Duque d'Ávila,NaN,Avenidas Novas,Em operação,Definida,7e6a2853-54f1-4dda-947c-0b864486c2c1,-9.15145259299871,38.7350512798289,0101000020E6100000D1A5BB318B4D22C0C1DF0B29165E4340
019,019,416,66803,Avenida da República,NaN,Avenidas Novas,Em operação,Definida,7127adcf-176c-4b75-9821-d452100ce2e1,-9.14551606184057,38.7353126078786,0101000020E6100000C24BCD14814A22C0689639B91E5E4340
020,020,417,67049,Avenida Duque d'Ávila,Jardim do Arco do Cego,Avenidas Novas,Em operação,Definida,ee8f47d7-913c-4ec2-9d94-6b38d98c0b84,-9.14271704843955,38.7353545489086,0101000020E610000050427F35124922C07E430D19205E4340
030,030,410,100527,Rua da Mesquita,Escola Básica Marquesa de Alorna,Campolide,Em operação,Definida,86b7ea01-b813-4ff9-b16f-dfdf22a3edaa,-9.15989585257133,38.7350622476635,0101000020E6100000AB1E83DEDD5122C0971E0D85165E4340
004,004,421,66971,Alameda Dom Afonso Henriques,Cruzamento com Avenida Guerra Junqueiro,Areeiro,Em operação,Definida,09010cbd-4d38-499e-a6fe-fe496f58765c,-9.13420353623443,38.737403849771,0101000020E6100000D4446E53B64422C0005BD53F635E4340
087,087,415,67049,Avenida Duque d'Ávila,Cruzamento com Avenida Conde de Valbom,Avenidas Novas,Em operação,Definida,c8aa6039-2033-4406-8a2e-1dbeca69e25c,-9.14840746848763,38.7351789901213,0101000020E6100000E6454F10FC4B22C07EA35B581A5E4340
026,026,457,66739,Rua Aboím Ascensão,NaN,Alvalade,Em operação,Definida,cefbaa52-d377-4c0a-8496-fb4a3dfa7a6c,-9.14728424513719,38.7497190812197,0101000020E61000001A2930D7684B22C04D837BCBF65F4340
084,084,449,66802,Avenida Cinco de Outubro,NaN,Avenidas Novas,Em operação,Definida,a27a8bdc-5b52-49bb-8310-ab68f379446d,-9.15009053541936,38.7468363731484,0101000020E61000006C21AAAAD84C22C05C119355985F4340
002,002,446,66803,Avenida da República,Interface Entrecampos,Avenidas Novas,Em operação,Definida,32355b1d-443b-44e6-adf4-1ce5ad96b485,-9.14780271989975,38.7446573839923,0101000020E6100000637550CCAC4B22C0657CE3EE505F4340
029,029,473,66669,Avenida do Brasil,Parque da Saúde de Lisboa,Alvalade,Em operação,Definida,3811ac51-52b4-4571-b905-babee1a971cb,-9.14702087973104,38.7563984586713,0101000020E6100000458C1C52464B22C0785E29AAD1604340
080,080,474,66669,Avenida do Brasil,LNEC,Alvalade,Em operação,Definida,fc89b2bb-13d5-4d03-8365-3bf68a1672f4,-9.1409750565354,38.7583987352157,0101000020E61000001ABEF2E12D4822C0238AB23513614340
082,082,463,100031,Campo Grande,NaN,Alvalade,Em operação,Definida,b72d5d14-00e2-4411-bc0d-e77d8ea7c59e,-9.14958315790538,38.7523962403618,0101000020E6100000D678E629964C22C05FFE1E854E604340
063,063,481,100031,Campo Grande,Museu de Lisboa - Palácio Pimenta,Alvalade,Em operação,Definida,884e8a01-9a5e-45b8-9be9-ca738e27500e,-9.15612590041896,38.7582276164273,0101000020E61000004AB7E8BBEF4F22C059BD3F9A0D614340
008,008,484,262,Rua Prof. Vieira de Almeida,NaN,Lumiar,Em operação,Definida,50009a9e-1389-45b5-8066-bdb1732ce61a,-9.16665799569365,38.7607521861639,0101000020E6100000053E6232545522C09CF7DF5360614340
049,049,486,66842,Rua Hermano Neves,Cruzamento com Estrada de Telheiras,Lumiar,Em operação,Definida,c858e2dc-af5d-4225-9b00-9accf0fc7f5c,-9.16993253867144,38.7596236169496,0101000020E61000007C3DD065015722C0AC08C0583B614340
091,091,488,419,Rua Fernando Namora,NaN,Lumiar,Em operação,Definida,1a9723c0-633d-420b-8eae-efd1423f9294,-9.17549470031861,38.7601890120531,0101000020E6100000C1FAFC70DA5922C0F7C5A0DF4D614340
033,033,420,67117,Avenida Rovisco Pais,Instituto Superior Técnico,Areeiro,Em operação,Definida,220d490a-5b5f-46e4-b535-e809edd99ca1,-9.13686206335629,38.7361089052679,0101000020E6100000505BCCC8124622C0C2350DD1385E4340
077,077,490,34570,Azinhaga da Torre do Fato,Cruzamento com Rua Fernando Namora,Lumiar,Em operação,Definida,61fad375-a8dd-48ab-bb97-cdff8d464108,-9.17853689939481,38.7602629110536,0101000020E6100000560F4030695B22C022AB894B50614340
076,076,471,66700,Rua Lopes Mendonça,Escola Básica São João de Brito,Alvalade,Em operação,Definida,861b085c-daeb-4b95-92dc-7ae0bc6403b5,-9.13738258288949,38.7564799139371,0101000020E6100000CA198902574622C06A387555D4604340
045,045,472,100519,Rua Marquês do Soveral,Escola Secundária Padre António Veira,Alvalade,Em operação,Definida,0339611b-ef0a-4454-8155-1abaac7debb8,-9.13619235636793,38.7579299126575,0101000020E610000081212901BB4522C016C3EDD803614340
057,057,485,66839,Rua Tomás da Fonseca,Cruzamento com Rua António Albino Machado,São Domingos de Benfica,Em operação,Definida,b588f83e-343a-4df6-bea5-3c1426fbfc54,-9.16999335738119,38.7560628650287,0101000020E610000099FA8C5E095722C05982FFAAC6604340
018,018,442,66964,Campo Pequeno,Praça do Campo Pequeno,Avenidas Novas,Em operação,Definida,71ab8f7f-2093-452b-81c5-dcb3407f7445,-9.14531801535166,38.7433758836424,0101000020E6100000F6E8761F674A22C08A70E2F0265F4340
017,017,428,66803,Avenida da República,NaN,Avenidas Novas,Em operação,Definida,c7b5f3d5-e010-42a7-a63a-a02155e79919,-9.14674967052989,38.7404146193281,0101000020E6100000D23FD7C5224B22C04BBFFFE7C55E4340
055,055,306,34187,Avenida da Liberdade,NaN,Santo António,Em operação,Definida,f741dfc4-7178-40a2-b923-e15ae54606f2,-9.14838196959699,38.7227448218995,0101000020E61000006478B5B8F84B22C0B2B4FEE6825C4340
095,095,222,100029,Praça da Figueira,NaN,Santa Maria Maior,Em operação,Definida,124974bb-9fe0-4cc2-8087-0588f0ef1e86,-9.13801628470276,38.7136817505958,0101000020E6100000413A0A12AA4622C0CF4771EC595B4340
094,094,223,34131,Praça D. Pedro IV,NaN,Santa Maria Maior,Em operação,Definida,0ad288da-b74d-41f4-a752-ce4e4e51b628,-9.13897097296299,38.7130938165529,0101000020E61000004EF00F34274722C08A897EA8465B4340
117,117,309,34191,Rua da Palma,NaN,Santa Maria Maior,Em operação,Definida,85205ac3-3826-4f00-a331-799faa7dedd3,-9.13579182884364,38.7190835557007,0101000020E61000001AE5AF81864522C0B76911EE0A5C4340
138,138,203,100003,Avenida de Brasília,Padrão dos Descobrimentos,Belém,Em operação,Definida,1286cccb-9281-40ec-aeda-f19e681bef1f,-9.20627789047538,38.6935241046304,0101000020E610000092F572419D6922C00830DA65C5584340
136,136,205,100003,Avenida de Brasília,Parque de estacionamento - Café Inn,Belém,Em operação,Definida,ceaa95f8-5d77-4f26-b22e-d8fee4ba351c,-9.18771810170212,38.6968381907044,0101000020E61000000A5B47961C6022C0F0D66BFE31594340
135,135,206,100185,Doca de Alcântara,Junto à GNR,Estrela,Em operação,Definida,8815737e-2c5a-481a-9d7a-47342b2151d3,-9.17479098827368,38.7013437754527,0101000020E6100000BD8A54347E5922C0486901A2C5594340
133B,133B,208,100021,Cais do Sodré,Interface Cais do Sodré - Terminal de autocarros,Misericórdia,Em operação,Definida,fd7d9954-f1bf-4d9d-a364-ca6d56430306,-9.14371302431543,38.7052598237295,0101000020E610000057E3E6C0944922C0EB0C33F4455A4340
129,129,213,462,Avenida Infante Dom Henrique,Estação ferroviária Santa Apolónia,São Vicente,Em operação,Definida,595fac59-0958-44f0-8314-4fb40cbf746d,-9.12248373000247,38.7134566410898,0101000020E61000002F4EFD2FB63E22C01F4C168C525B4340
124,124,211,462,Avenida Infante Dom Henrique,Doca da Marinha,Santa Maria Maior,Em operação,Definida,be5f34f6-e11e-4bbf-bc28-7ce6b828cd87,-9.13245032830956,38.7077452099615,0101000020E610000038DE8887D04322C0B8572165975A4340
118,118,310,34504,Largo do Intendente Pina Manique,NaN,Arroios,Em operação,Definida,b57f6219-2b77-4af1-b65a-aa9a6c078b65,-9.13480301164374,38.7208267153154,0101000020E610000008D37CE6044522C06E2EC00C445C4340
132,132,209,33665,Avenida da Ribeira das Naus,Junto à Praça Europa,Santa Maria Maior,Em operação,Definida,34443586-0a16-4a2d-bdc1-9fdcaa08ae4f,-9.1414994830285,38.7056692800125,0101000020E61000004204C89E724822C008B9F75E535A4340
126,126,216,100012,Avenida Vinte e Quatro de Julho,Praça de Dom Luís I,Misericórdia,Em operação,Definida,7513ffa4-79f2-4da3-bb00-d61eba0cb654,-9.14665686048349,38.7065947289856,0101000020E61000007105A79B164B22C0734232B2715A4340
127,127,215,100012,Avenida Vinte e Quatro de Julho,Edifício EDP,Misericórdia,Em operação,Definida,ddf9acfc-375a-4d17-94cb-cd9ddd6942b4,-9.14886926484725,38.7068122083167,0101000020E610000008CC9F97384C22C01F918BD2785A4340
128,128,214,100012,Avenida Vinte e Quatro de Julho,Largo de Santos,Estrela,Em operação,Definida,53ffa6b1-ca07-4128-839e-d66005be1fcd,-9.15435808910553,38.7067505821106,0101000020E6100000A1290106084F22C0084C96CD765A4340
130,130,212,462,Avenida Infante Dom Henrique,Terminal de Cruzeiros,Santa Maria Maior,Em operação,Definida,99bcfed8-cdf6-4992-a4de-bacbf4afcd22,-9.12764662733139,38.7103989920713,0101000020E610000082AA13E65A4122C05F07AB5AEE5A4340
123,123,219,33673,Praça do Município,NaN,Santa Maria Maior,Em operação,Definida,95c2c2e7-4031-44be-9553-5770a3de5b20,-9.13945495411016,38.7078616300782,0101000020E61000002E56C6A3664722C0BAA3BB359B5A4340
070,070,480,50001,Rua Interior à Alameda da Universidade,Faculdade Ciências da Universidade de Lisboa-Ed C7,Alvalade,Em operação,Definida,47ae82cf-7b2c-4328-96a0-ed0d9df4be66,-9.15483799068943,38.7559920487621,0101000020E61000000061D4EC464F22C011BCF258C4604340
116,116,115,5968,Passeio dos Heróis do Mar,Colégio Pedro Arrupe,Parque das Nações,Em operação,Definida,d469c051-961c-4fb4-a12f-f2e2915779fd,-9.09766449980654,38.7934548372908,0101000020E61000006F4CD114013222C02D8298ED8F654340
115,115,114,102120,Via do Oriente,NaN,Parque das Nações,Em operação,Definida,38d6907a-0430-43f7-9ccd-9381cd38902f,-9.09977892879475,38.7884143815182,0101000020E6100000B9014839163322C08B2830C3EA644340
114,114,113,35282,Alameda dos Oceanos,Cruzamento com Passeio do Levante,Parque das Nações,Em operação,Definida,51871211-75f0-4ade-8717-7d3a82e1a563,-9.09806183643557,38.7837987088209,0101000020E6100000F4F33829353222C033841E8453644340
113,113,112,35282,Alameda dos Oceanos,Cruzamento com Passeio das Garças,Parque das Nações,Em operação,Definida,7a3e2834-7f50-4577-a13f-adcf77905a89,-9.09623927393075,38.7806960564298,0101000020E6100000293F2C46463122C0B73D2FD9ED634340
111,111,109,35282,Alameda dos Oceanos,Cruzamento com Rua da Ilhas dos Amores,Parque das Nações,Em operação,Definida,82f7d990-f7dd-4375-9eee-283d0dd5253d,-9.09470851113458,38.7775564058947,0101000020E6100000A6F34BA27D3022C0780EE3F786634340
110,110,108,35295,Rua do Bojador,Antiga Praça Sony,Parque das Nações,Em operação,Definida,d9c05365-412e-4a91-96eb-d0fd3b7c2931,-9.09247227380015,38.7743305324561,0101000020E61000004D849F86582F22C0BB984C431D634340
109,109,107,35282,Alameda dos Oceanos,Campus da Justiça,Parque das Nações,Em operação,Definida,00a326ef-05c1-4db4-9a5e-5800ad914cf0,-9.09551338792223,38.774529916647,0101000020E61000008BE97A21E73022C0E0E2DACB23634340
108,108,106,35295,Rua do Bojador,Jardim Garcia de Orta,Parque das Nações,Em operação,Definida,2cd1dae9-6df1-43e4-877a-b1d67d744901,-9.09252643663032,38.7694389540465,0101000020E61000006FAF06A05F2F22C0F7F2C3F97C624340
102,102,104,35304,Avenida do Pacífico,Edifício Vodafone Portugal,Parque das Nações,Em operação,Definida,70fe516d-6166-4aac-83b3-fd5c06f5b597,-9.09726192114642,38.7666766996139,0101000020E6100000A4F08450CC3122C035B94B7622624340
104,104,105,100128,Avenida do Índico,Centro Comercial Vasco da Gama,Parque das Nações,Em operação,Definida,f611aa17-814b-4dbb-89c3-7f8181a25e65,-9.09608554019195,38.7685155430926,0101000020E6100000607CB91F323122C07306A2B75E624340
107,107,103,5909,Rua do Fogo de Santelmo,Microsoft Portugal,Parque das Nações,Em operação,Definida,b0bcfd8d-835f-4941-a2bb-f3080b6079f5,-9.09496544077203,38.7612219138184,0101000020E610000071BB6C4F9F3022C09E6C3CB86F614340
106,106,102,5992,Porta do Mar,NaN,Parque das Nações,Em operação,Definida,bd43afae-d97b-4765-8f2d-618205544c8e,-9.09618639354347,38.7591048294529,0101000020E6100000C42DCD573F3122C0315ED8582A614340
105,105,101,35282,Alameda dos Oceanos,Cruzamento com Rua dos Argonautas,Parque das Nações,Em operação,Definida,50c7ba35-c5a8-4255-bf35-ae09e9101bbd,-9.09691856092219,38.7561531057139,0101000020E61000008712434F9F3122C0AFE7FD9FC9604340
141,141,110,100366,Rua de Moscavide ao Parque das Nações,NaN,Parque das Nações,Em operação,Definida,6bd69fac-181e-42e3-bb7a-cb27e3b77cba,-9.0971353586566,38.7784727789658,0101000020E61000003F6EC9B9BB3122C0FF3DFBFEA4634340
005A,005A,406,67033,Praça do Duque de Saldanha,NaN,Avenidas Novas,Em operação,Definida,45616f67-c438-4c09-bd51-a669741104c3,-9.1453859885586,38.7341032579418,0101000020E6100000C74F4408704A22C0A05F7618F75D4340
005B,005B,407,67033,Praça do Duque de Saldanha,NaN,Arroios,Em operação,Definida,694f7ee2-36f2-4143-af29-b099b0bbb93d,-9.14459294754863,38.7342659045303,0101000020E61000003FE83916084A22C04343D76CFC5D4340
005C,005C,408,67033,Praça do Duque de Saldanha,NaN,Arroios,Em operação,Definida,282bd52a-58ad-4fe3-b0cb-89c71445fe12,-9.14422599530959,38.733709926352,0101000020E6100000EC2C5AFDD74922C05937F534EA5D4340
022A,022A,403,67034,Avenida Fontes Pereira de Melo,Picoas - Hotel Sheraton,Avenidas Novas,Em operação,Definida,415fa471-b7e1-4ccc-b8b1-f232f615eb46,-9.14648014070878,38.731563121432,0101000020E610000023B7EB71FF4A22C04CC140DCA35D4340
053B,053B,308,34341,Praça do Marquês de Pombal,NaN,Santo António,Em operação,Definida,248ef16e-f4d0-4505-ae06-deb8a0629647,-9.149758691564,38.7245914421677,0101000020E6100000461ED52BAD4C22C02F899169BF5C4340
053A,053A,307,34341,Praça do Marquês de Pombal,NaN,Santo António,Em operação,Definida,8a87a126-bf5d-401f-9375-b372c81ea4f5,-9.14918369241964,38.725045072582,0101000020E6100000E81310CE614C22C0CD6EE546CE5C4340
075B,075B,301,34187,Avenida da Liberdade,NaN,Santo António,Em operação,Definida,24968a04-12f5-4dfe-8287-ce8260ba9ee1,-9.14235595289568,38.7170740095018,0101000020E6100000DE2724E1E24822C098CFC514C95B4340
101B,101B,224,100656,Praça Martim Moniz,NaN,Santa Maria Maior,Em operação,Definida,beddd631-db0a-4442-acaf-8747f2160f7f,-9.13651547008172,38.7150952082825,0101000020E610000051CC0E5BE54522C0C18C623D885B4340
101A,101A,225,100656,Praça Martim Moniz,NaN,Santa Maria Maior,Em operação,Definida,bfb39db2-c7de-4235-875c-b5cdb9444fbf,-9.13700454597594,38.7152438916796,0101000020E61000006FBDB875254622C0BDB6A11C8D5B4340
143,143,483,102309,Rua Konrad Adenauer,NaN,Lumiar,Em operação,Definida,bb660144-939f-446d-896c-9f792168ff04,-9.1639781072195,38.759337744268,0101000020E610000014893FF0F45322C0EF1FADFA31614340
144,144,305,34187,Avenida da Liberdade,Cruzamento com Rua Barata Salgueiro,Santo António,Em operação,Definida,5cb58424-c2e5-41a2-80de-4f7c704cc555,-9.14695387007954,38.7223767409902,0101000020E61000004706A4893D4B22C0D4F84ED7765C4340
145,145,304,34187,Avenida da Liberdade,Cinema São Jorge,Santo António,Em operação,Definida,b6dba650-0412-40dc-b277-eda64e23d378,-9.14633385296929,38.72041099709,0101000020E6100000FF995145EC4A22C01417746D365C4340
133A,133A,218,100012,Avenida Vinte e Quatro de Julho,Interface Cais do Sodré,Misericórdia,Em operação,Definida,920b0809-ee69-4788-9233-7159a1ad8319,-9.14481601864767,38.7061310700285,0101000020E6100000AE0E4053254A22C01F3BBE80625A4340
147,147,476,66667,Alameda da Universidade,Reitoria da Universidade de Lisboa,Alvalade,Em operação,Definida,e821c7d3-e7a3-458c-8954-f4274b89a0fa,-9.15891070362587,38.7523249485371,0101000020E61000006B1D66BE5C5122C043F7142F4C604340
024A,024A,412,67377,Avenida Ressano Garcia,NaN,Avenidas Novas,Em operação,Definida,f723b512-baab-45fb-9bc7-ac533ee5cfa6,-9.15471733498384,38.7345516592816,0101000020E61000007EC24B1C374F22C023EBECC9055E4340
024B,024B,413,67031,Avenida António Augusto de Aguiar,Cruzamento com Rua Marquês de Fronteira,Avenidas Novas,Em operação,Definida,853f7e04-f454-4cbf-b42b-ea4941dcaa3a,-9.15427389437027,38.7344784636193,0101000020E6100000CCE4E5FCFC4E22C03C6EEA63035E4340
146,146,401,67082,Rua Martens Ferrão,Palácio SottoMayor,Arroios,Em operação,Definida,9ff54652-41dc-4af9-9218-a2653986f738,-9.14758362695552,38.7290566112091,0101000020E6100000E665C614904B22C0B0091FBA515D4340
051,051,419,67052,Avenida de António José de Almeida,Instituto Superior Técnico,Areeiro,Em operação,Definida,7a39bc43-68ba-4d4d-aa80-e1945eb67b88,-9.13941017698249,38.7380935681386,0101000020E61000001EBD4DC5604722C089459CD9795E4340
162,162,314,67136,Rua Marques da Silva,Cruzamento com Rua António Pedro,Arroios,Em operação,Definida,fc544f0c-cdcd-40fc-8c4d-9fa361a77fc2,-9.13567326464665,38.7296287300493,0101000020E6100000A53255F7764522C052E46679645D4340
158,158,315,67139,Rua Passos Manuel,Jardim Constantino,Arroios,Em operação,Definida,a62b690e-bd9a-4017-ba1f-3de4faaa63b2,-9.13699147682073,38.731171724666,0101000020E6100000338D31BF234622C0A699FA08975D4340
157,157,316,685,Rua António Pedro,Cruzamento com Rua de Pascoal de Melo,Arroios,Em operação,Definida,e1248203-e618-41a2-96c9-46214740f4ad,-9.1353502288193,38.731452817753,0101000020E6100000ED910CA04C4522C07968F53EA05D4340
161,161,311,66931,Avenida Almirante Reis,NaN,Arroios,Em operação,Definida,eee2ef47-d67c-47ff-ad0d-d2863c368619,-9.1352960461432,38.7216963146641,0101000020E610000022EDFA85454522C022907A8B605C4340
160,160,312,66931,Avenida Almirante Reis,NaN,Arroios,Em operação,Definida,0bd8f998-716d-44df-9afa-f955103c131d,-9.13512561854497,38.7253337963038,0101000020E61000003D01612F2F4522C078E7E2BCD75C4340
159,159,313,67133,Rua Frei Francisco Foreiro,Cruzamento com Rua de Arroios,Arroios,Em operação,Definida,b13c12d2-a907-4c6b-86e5-83f0bf1ef80c,-9.13602262513998,38.7280372721943,0101000020E61000000CFCECC1A44522C0FA2B4953305D4340
242,242,555,776,Rua Luís de Freitas Branco,Cruzamento com Alameda das Linhas de Torres,Lumiar,Em operação,Definida,643a286e-c95f-4e5a-b32e-e231637b7b16,-9.16026822092587,38.7706508463874,0101000020E6100000EFED1EAD0E5222C02EEFDAAFA4624340
154,154,556,761,Alameda das Linhas de Torres,Cruzamento com Estrada da Torre,Lumiar,Em operação,Definida,3940f44b-9174-4dcd-aada-d4082e2d3aab,-9.16137401837702,38.7735535832217,0101000020E6100000F1B4869D9F5222C006D2C6CD03634340
152,152,552,761,Alameda das Linhas de Torres,Hospital Pulido Valente,Lumiar,Em operação,Definida,d6e0daae-c493-4f47-b35a-b03b7b65a9ea,-9.15736601345602,38.7660310224198,0101000020E61000004C973247925022C0DB81F64D0D624340
153,153,554,765,Rua Ladislau Patrício,Cruzamento com Alameda das Linhas de Torres,Lumiar,Em operação,Definida,62094935-6c36-4510-b2c6-4f0091005e2f,-9.158357731082,38.7686353274761,0101000020E6100000C521B843145122C0B10775A462624340
151,151,551,761,Alameda das Linhas de Torres,Cruzamento com Rua Francisco Stromp,Lumiar,Em operação,Definida,d0a9c6a3-4190-4323-90a0-b4cc1e59e59c,-9.15711068436958,38.7626377018721,0101000020E61000006670C6CF705022C05F1EBA1C9E614340
150,150,550,283,Rua Fernando Curado Ribeiro,NaN,Lumiar,Em operação,Definida,9fc57669-2adb-4429-9522-b23aa62de402,-9.15647227192956,38.7608597686513,0101000020E6100000295635221D5022C0889957DA63614340
170,170,139,33492,Avenida Cidade de Luanda,Cruzamento com Rua Cidade de Bissau,Olivais,Em operação,Definida,ee32b2e7-8244-4d9a-95f4-ab72990d830c,-9.11161431098803,38.7613306925189,0101000020E610000017EBCE82253922C0A4E7BC4873614340
176,176,151,102279,Jardim Eduardo Prado Coelho,Escola Secundária António Damásio,Olivais,Em operação,Definida,eccc3a4c-30bd-42d6-ac81-a762ac97faf0,-9.10874395299051,38.7703967557081,0101000020E6100000C9769349AD3722C0FB5A635C9C624340
175,175,150,33425,Avenida Dr. Francisco Luís Gomes,Piscinas CML Olivais,Olivais,Em operação,Definida,e6af3819-be64-4da8-a584-f778a1a4c29e,-9.11171073908181,38.7696437380196,0101000020E6100000CDEF6526323922C0C52E9EAF83624340
177,177,133,33658,Rua Cidade de Benguela,NaN,Olivais,Em operação,Definida,8b079346-dea4-45ba-ac1a-bf27fed2134a,-9.11073373408733,38.7650437732685,0101000020E610000026F08C17B23822C02C1951F4EC614340
173,173,135,33640,Avenida Cidade de Lourenço Marques,Mercado Olivais Sul,Olivais,Em operação,Definida,ad11a0ad-d00d-4c29-b715-6c66ba3c2d5a,-9.11867969889906,38.7640936441876,0101000020E6100000F1F0E295C33C22C0006F0ED2CD614340
172,172,134,33664,Praça Cidade do Luso,NaN,Olivais,Em operação,Definida,7ee69d7a-d386-41eb-8081-f007e52f3c2f,-9.11635352708278,38.7656041510363,0101000020E6100000883083B0923B22C0FE301B51FF614340
171,171,137,33487,Rua Cidade de Bissau,Spacio Shopping,Olivais,Em operação,Definida,87220d1e-2c21-4213-a28a-c8fb639cf55b,-9.11428205767107,38.7628734708481,0101000020E6100000056F882D833A22C0A92380D6A5614340
178,178,131,33536,Praça Baden Powell,Cruzamento com Avenida de Berlim,Olivais,Em operação,Definida,8065f99c-7145-4e41-ba8b-f7a0afc7643e,-9.11055904837182,38.768055667523,0101000020E6100000551112329B3822C066C2EAA54F624340
174,174,132,62,Avenida de Berlim,Junto à Rua Cidade de Cabinda,Olivais,Em operação,Definida,71c899d3-7130-4226-9536-7243e99f4bec,-9.11258121137696,38.7683283530597,0101000020E610000027049A3EA43922C0907D5E9558624340
168,168,366,67029,Rua Marquês de Fronteira,Palácio da Justiça,Campolide,Em operação,Definida,b496adf9-8dbb-4486-8dd9-08c7073bde9a,-9.15646917504373,38.7311325845172,0101000020E6100000334A4BBA1C5022C04AC5A5C0955D4340
166,166,364,67404,Rua Dom Francisco Manuel de Melo,NaN,Avenidas Novas,Em operação,Definida,bbaca128-c0f2-4be1-a120-128f8962f427,-9.15937614728124,38.7282132009783,0101000020E6100000BAAB18C0995122C0D05B1517365D4340
165,165,363,67333,Rua de Campolide,NaN,Campolide,Em operação,Definida,a58e7f0a-da54-4c2f-850b-9e6218efbdfa,-9.16225010776713,38.7271182715591,0101000020E6100000BD433572125322C0CF552636125D4340
167,167,365,34284,Rua Castilho,Jardim Amália Rodrigues,Avenidas Novas,Em operação,Definida,ad8f32a3-c9a1-4406-a3af-eda715e19f4f,-9.15744649117053,38.7296383522612,0101000020E61000000FE594D39C5022C0416F1ECA645D4340
164,164,362,100006,Avenida Engenheiro Duarte Pacheco,NaN,Santo António,Em operação,Definida,ee87b213-de97-492b-bb1a-c9c5ddd9dd1d,-9.15948240296937,38.7243683626586,0101000020E6100000F61472ADA75122C019F03D1AB85C4340
163,163,361,100059,Rua Carlos Alberto da Mota Pinto,Centro Comercial Amoreiras,Campo de Ourique,Em operação,Definida,558cea6c-ccb0-4e09-9dfa-8a10c74b9757,-9.1609503891665,38.7239213808528,0101000020E6100000477FE316685222C0A8D1AF74A95C4340
227,227,352,35099,Rua Tomás da Anunciação,Jardim Teófilo Braga,Campo de Ourique,Em operação,Definida,dd8adc1c-670c-499c-8070-68f28ecd15e7,-9.16563740149928,38.71724750112,0101000020E61000001FDEEC6CCE5422C05C3920C4CE5B4340
208,208,508,67269,Rua da Venezuela,Estação ferroviária Benfica,Benfica,Em operação,Definida,1f6b1ee3-56c5-4f28-9663-3aa95d6b3a97,-9.19999397454533,38.7447084036525,0101000020E61000007523389C656622C0375FDF9A525F4340
202,202,502,67467,Rua de São Domingos de Benfica,Cruzamento com Rua Francisco Gentil Martins,São Domingos de Benfica,Em operação,Definida,6cb38e8e-a074-4ba1-9505-6b5d565db02c,-9.17628836578175,38.7414766337759,0101000020E61000005365FB77425A22C06868D2B4E85E4340
206,206,506,67235,Rua Ten. Coronel Ribeiro dos Reis,NaN,Benfica,Em operação,Definida,b587f6ee-d12f-433f-875c-db8689cb6137,-9.19002502231166,38.7452536213957,0101000020E61000002180B0F54A6122C05F8F7D78645F4340
207,207,507,67265,Rua José dos Santos Pereira,NaN,Benfica,Em operação,Definida,68e2f088-b1c5-4416-a068-4ae0f5fa478b,-9.19298307749876,38.744727715334,0101000020E6100000C4138DADCE6222C065E4DE3C535F4340
203,203,503,67464,Rua Conde de Almoster,NaN,São Domingos de Benfica,Em operação,Definida,4d967f97-3520-4a8d-bdf6-7c21039618a6,-9.17876290345165,38.7426430571184,0101000020E61000002D20B0CF865B22C066767DED0E5F4340
218,218,521,34628,Azinhaga dos Ulmeiros,Cruzamento com Alameda Mahatma Gandhi,Lumiar,Em operação,Definida,e7f863eb-5b4f-4b45-b7e9-3984081bbee9,-9.17397490367725,38.7690458897035,0101000020E6100000B13C133D135922C02BB3801870624340
121,121,226,33928,Rua dos Fanqueiros,NaN,Santa Maria Maior,Em operação,Definida,1d7a7d88-de62-41ad-b8e7-5c01e4196650,-9.13647195077599,38.7119289916471,0101000020E6100000F3CECAA6DF4522C06A193C7D205B4340
122,122,221,34139,Rua do Crucifixo,Cruzamento com Rua de São Nicolau,Santa Maria Maior,Em operação,Definida,06c33967-a517-4ad8-bec0-fd008a0c71f7,-9.13884445988946,38.7101181916712,0101000020E61000007BE9FC9E164722C0E0C22427E55A4340
209,209,509,66879,Estrada de Benfica,Fonte Nova,Benfica,Em operação,Definida,d59ee39e-118e-4c74-b4af-94826489ad8a,-9.19000298366118,38.7489283218835,0101000020E610000034EF3112486122C0D6C41CE2DC5F4340
210,210,510,100536,Largo da Revista Militar,Interface Colégio Militar,Benfica,Em operação,Definida,ad0a17bf-ba8d-41cb-bb7b-696ec4585e99,-9.18912155514503,38.7529128240273,0101000020E610000015A25C8AD46022C0D7F789725F604340
211,211,514,67176,Avenida do Colégio Militar,Cruzamento com Rua Adelaide Cabete,Carnide,Em operação,Definida,5555a574-1401-45a0-ae8e-870301f30227,-9.18557500787776,38.7573694860509,0101000020E61000007194FBAF035F22C0D9C9BA7BF1604340
213,213,520,101788,Rua Cupertino de Miranda,LISPOLIS,Carnide,Em operação,Definida,0ac897f2-0a45-4379-83fa-c8434f30ea35,-9.18256234214254,38.7669894986494,0101000020E61000007DF7B1CF785D22C08D893EB62C624340
214,214,517,34654,Rua Padre Américo,NaN,Carnide,Em operação,Definida,9407983e-e7ac-4154-b449-62eff9c79799,-9.18038740703141,38.7634198266274,0101000020E6100000CC9EFBBC5B5C22C0C83DAABDB7614340
215,215,518,286,Avenida das Nações Unidas,NaN,Carnide,Em operação,Definida,d2a2aed8-253d-4dd9-8722-720212aa3bf0,-9.17800455641889,38.7640887722142,0101000020E61000005BB7C869235B22C04DF32FA9CD614340
216,216,516,100563,Rua Prof. Mário de Albuquerque,NaN,Lumiar,Em operação,Definida,ad939e3c-4200-4ffe-8c67-7bc7a12297ba,-9.17483140133947,38.7621574512315,0101000020E61000003D225E80835922C094B817608E614340
217,217,519,266,Rua Prof. Pulido Valente,Cruzamento com Rua Prof. Mário Chicó,Lumiar,Em operação,Definida,31cdb205-a951-4ddc-a0b6-30def288f121,-9.16907433629318,38.7632193420528,0101000020E6100000B9F151E9905622C04DE5E02BB1614340
023,023,438,67365,Avenida Columbano Bordalo Pinheiro,Praça de Espanha,Campolide,Em operação,Definida,be461d5e-8524-44e0-920b-7c31b9561ea3,-9.15942085473107,38.738000000607,0101000020E61000009ABD3A9C9F5122C00C87B5C8765E4340
056,056,437,67365,Avenida Columbano Bordalo Pinheiro,NaN,São Domingos de Benfica,Em operação,Definida,174b7599-4481-4b53-a3bd-3864dfc7242f,-9.16664534911622,38.7394530580377,0101000020E610000026F8088A525522C07C99D665A65E4340
230,230,237,100264,Praça das Indústrias,Centro de Congressos de Lisboa,Alcântara,Em operação,Definida,a8977efe-7c41-43b6-b85b-430865252b06,-9.18225222662203,38.699052821769,0101000020E6100000FAEDF129505D22C052D617907A594340
235,235,232,887,Avenida da Índia,Cruzamento com Rua Lagoa Henriques,Belém,Em operação,Definida,f73b32f9-9b88-43a3-8c98-9e6aed330655,-9.21206110955562,38.6941480010022,0101000020E6100000F8961446936C22C0B17179D7D9584340
236,236,231,1126,Largo Luís Alves Miguel,Cruzamento com Rua Fernão Mendes Pinto,Belém,Em operação,Definida,d4915647-898f-425b-b572-744ab36607ed,-9.21971885497573,38.6953171364557,0101000020E6100000E3DE60FD7E7022C07AB6E42600594340
252,252,553,764,Rua Luís Pastor de Macedo,Estação ML Quinta das Conchas,Lumiar,Em operação,Definida,162e5e99-fd5a-42c2-a642-a0ba58d8e656,-9.15538085212979,38.7671011871052,0101000020E6100000E5A43C148E4F22C078AB275F30624340
303,303,511,67186,Avenida do Uruguai,NaN,Benfica,Em operação,Definida,d51bf373-8cf4-4f84-8c60-7b24e48e9292,-9.19641359090913,38.7538820923531,0101000020E6100000A7E37A52906422C02BD959357F604340
304,304,513,67171,Rua Guiomar Torresão,NaN,Carnide,Em operação,Definida,d042ab19-8236-4b8b-ac00-04aaddb691ca,-9.19220876543279,38.758626634379,0101000020E6100000A513F32F696222C0244474AD1A614340
249,249,130,62,Avenida de Berlim,Cruzamento com Rua Américo de Jesus Fernandes,Olivais,Em operação,Definida,151d39e0-2443-4141-925c-5acb174a353e,-9.10698283931031,38.7677741543396,0101000020E61000005B246874C63622C023CD696C46624340
312,312,238,34777,Rua Cascais,Cruzamento com Avenida da Índia,Alcântara,Em operação,Definida,509a2fe9-76ea-48ea-90b9-0a50e1705ade,-9.17522233254492,38.7028965627869,0101000020E6100000589ED7BDB65922C0FDD1BA83F8594340
319,319,241,913,Avenida da Torre de Belém,Cruzamento com Largo da Princesa,Belém,Em operação,Definida,b5fe71ab-7279-4581-986c-31f08caa22ca,-9.21513665621231,38.6952356702516,0101000020E610000091344D64266E22C0235F817BFD584340
409,409,289,102284,Rua Fernanda Montemor,Parque Ribeirinho Oriente,Marvila,Em operação,Definida,8e47854a-e04d-4035-9a5f-b4d9b504b6a3,-9.09820461286209,38.7452855376427,0101000020E6100000381E01E0473222C0B82D3984655F4340
410,410,288,575,Praça David Leandro da Silva,NaN,Marvila,Em operação,Definida,85aa8d40-ad18-4482-b64c-2500862eb2a5,-9.10235532320116,38.7424396443141,0101000020E6100000E470BBEA673422C09ECA2343085F4340
073,073,450,66816,Rua Alfredo Cortês,Escola EB1 do Bairro de São Miguel,Alvalade,Em operação,Definida,81c94953-449d-4eeb-b47c-1aa352f28778,-9.14404295204052,38.7462817814047,0101000020E6100000777770FFBF4922C0ED5D5229865F4340
408,408,280,462,Avenida Infante Dom Henrique,Hub Criativo do Beato,Beato,Em operação,Definida,e4f94500-8b4e-4dab-a7b8-5e0f844b041a,-9.10669163411535,38.7297850419045,0101000020E610000080902E49A03622C07F0BA498695D4340
407,407,331,653,Avenida General Roçadas,Mercado Sapadores,Penha de França,Em operação,Definida,216627d4-4f1e-4155-b9a5-ce9632d091cd,-9.12882334099546,38.722610711475,0101000020E6100000EC120922F54122C020C3FE817E5C4340
404,404,324,705,Largo Mendonça e Costa,NaN,Penha de França,Em operação,Definida,cfb6d0ac-2a81-4745-95c7-eec97ef12b53,-9.13080304320245,38.7330105637666,0101000020E6100000298BD19DF84222C00280474AD35D4340
416,416,220,33670,Rua do Comércio,NaN,Santa Maria Maior,Em operação,Definida,89bf9cba-f4af-4405-8e84-3cdb64750e45,-9.13716544312755,38.7087565581726,0101000020E610000094BF888C3A4622C0A316EF88B85A4340
417,417,512,500003,Rua Interior à Est. da Correia,Interface Pontinha,Carnide,Em operação,Definida,b5368f05-69a2-4d4b-8ad1-32a9b6f05c6d,-9.19676858070261,38.7625912798103,0101000020E610000000FFF5D9BE6422C001804F979C614340
064,064,479,102181,Rua Prof. Oliveira Marques,Arquivo Nacional Torre do Tombo,Alvalade,Em operação,Definida,b9db3b4f-500e-4d3f-8a5f-48e8f1976eb1,-9.15726777238918,38.7548856279852,0101000020E6100000AA40C666855022C05C359E17A0604340
418,418,281,462,Avenida Infante Dom Henrique,Hub Criativo do Beato,Beato,Em operação,Definida,1016d5df-ea32-47f6-892d-4e0c4445cb31,-9.10538772426173,38.7314987273032,0101000020E61000003F353A61F53522C09B6A13C0A15D4340
085,085,426,67002,Avenida Elias Garcia,NaN,Avenidas Novas,Em operação,Definida,d421b9a8-c948-47ca-a630-bc70750f6208,-9.14795677500555,38.7391086461315,0101000020E6100000AEBD8BFDC04B22C0AEA9B31C9B5E4340
034,034,427,66803,Avenida da República,NaN,Avenidas Novas,Em operação,Definida,0fc8aa03-f97f-4fdf-b1f2-9812737e5f46,-9.14613041756282,38.7380033047032,0101000020E61000002AC4289BD14A22C024056DE4765E4340
044,044,431,67024,Rua do Arco do Cego,Cruzamento com Avenida Magalhães Lima,Avenidas Novas,Em operação,Definida,a4cd89a0-7611-456d-8c54-7d080aac0fff,-9.14209839739526,38.7393415928382,0101000020E6100000D940031FC14822C004E8CCBEA25E4340
038,038,430,67001,Avenida Barbosa du Bocage,Jardim Maria José Moura - Palácio Galveias ,Avenidas Novas,Em operação,Definida,8b9496f1-bc3b-4695-8b6b-33b711da7b7b,-9.14331918420278,38.7408689983409,0101000020E6100000A714D221614922C04A3F9BCBD45E4340
003,003,435,67372,Rua Professor Lima Basto,Interface Sete Rios,São Domingos de Benfica,Em operação,Definida,63916d7e-6d42-4547-a125-95d5da1d4f09,-9.16698665482294,38.7405272775491,0101000020E61000007BAA5A467F5522C0456F0B99C95E4340
015,015,456,100031,Campo Grande,Jardim do Campo Grande - Rotunda de Entrecampos,Alvalade,Em operação,Definida,a5d9e8c8-2c5d-4b43-8e67-2879171f8aa4,-9.1488239634614,38.7488497005796,0101000020E61000000ADB8FA7324C22C0ECCD964EDA5F4340
069,069,461,101784,Rua Prof.ª Teresa Ambrósio,IGOT-UL,Alvalade,Em operação,Definida,0a1f17b1-d7b3-491c-a225-0448873944ab,-9.15561784608326,38.7491816453836,0101000020E610000000346F24AD4F22C0D0D7242FE55F4340
039,039,462,100031,Campo Grande,Biblioteca Nacional de Portugal,Alvalade,Em operação,Definida,bcb58185-adee-4bd4-b092-c93890577371,-9.15026533141761,38.7502333824724,0101000020E61000008E52D893EF4C22C0100BC1A507604340
081,081,464,66707,Avenida da Igreja,Cruzamento com Rua Afonso Lopes Vieira,Alvalade,Em operação,Definida,27db8d4b-2b27-496f-b262-8371d8b69972,-9.14836277251881,38.7516112247348,0101000020E610000009D38F34F64B22C070C5EECB34604340
078,078,460,66706,Avenida do Rio de Janeiro,Academia INATEL,Alvalade,Em operação,Definida,efa9c03b-4ede-457b-bf68-f2f845bed5d6,-9.13756956432756,38.7517782753248,0101000020E6100000766C97846F4622C0812E41453A604340
